DueDate,TotalDue
2011-06-12 00:00:00,567020.9498
2011-06-13 00:00:00,15394.3298
2011-06-14 00:00:00,16588.4572
2011-06-15 00:00:00,7907.9768
2011-06-16 00:00:00,16588.4572
2011-06-17 00:00:00,15815.9536
2011-06-18 00:00:00,8680.4804
2011-06-19 00:00:00,8680.4804
2011-06-20 00:00:00,23105.3072
2011-06-21 00:00:00,11664.9658
2011-06-22 00:00:00,15815.9536
2011-06-23 00:00:00,15618.9542
2011-06-24 00:00:00,7907.9768
2011-06-25 00:00:00,27677.9188
2011-06-26 00:00:00,12409.8444
2011-06-27 00:00:00,15815.9536
2011-06-28 00:00:00,15618.9542
2011-06-29 00:00:00,7683.3524
2011-06-30 00:00:00,28253.4230
2011-07-01 00:00:00,12437.4694
2011-07-02 00:00:00,15815.9536
2011-07-03 00:00:00,42256.6260
2011-07-04 00:00:00,16588.4572
2011-07-05 00:00:00,11861.9652
2011-07-06 00:00:00,12634.4688
2011-07-07 00:00:00,19375.9432
2011-07-08 00:00:00,30985.6590
2011-07-09 00:00:00,21862.8284
2011-07-10 00:00:00,19545.3176
2011-07-11 00:00:00,15914.5840
2011-07-12 00:00:00,16588.4572
2011-07-13 00:00:00,1752610.9976
2011-07-14 00:00:00,11861.9652
2011-07-15 00:00:00,12409.8444
2011-07-16 00:00:00,19375.9432
2011-07-17 00:00:00,17360.9608
2011-07-18 00:00:00,28056.4236
2011-07-19 00:00:00,15815.9536
2011-07-20 00:00:00,12437.4694
2011-07-21 00:00:00,15366.7048
2011-07-22 00:00:00,23302.3066
2011-07-23 00:00:00,19769.9420
2011-07-24 00:00:00,23723.9304
2011-07-25 00:00:00,13182.3480
2011-07-26 00:00:00,15815.9536
2011-07-27 00:00:00,23329.9316
2011-07-29 00:00:00,3953.9884
2011-07-30 00:00:00,23499.3060
2011-07-31 00:00:00,18905.9680
2011-08-01 00:00:00,23499.3060
2011-08-02 00:00:00,30958.0340
2011-08-03 00:00:00,19545.3176
2011-08-04 00:00:00,11637.3408
2011-08-05 00:00:00,32010.4120
2011-08-06 00:00:00,8455.8560
2011-08-07 00:00:00,27283.9200
2011-08-08 00:00:00,7907.9768
2011-08-09 00:00:00,7907.9768
2011-08-10 00:00:00,21862.8284
2011-08-11 00:00:00,27283.9200
2011-08-12 00:00:00,23050.0572
2011-08-13 00:00:00,1328936.4753
2011-08-14 00:00:00,39539.8840
2011-08-15 00:00:00,12634.4688
2011-08-16 00:00:00,23329.9316
2011-08-17 00:00:00,11861.9652
2011-08-18 00:00:00,24496.4340
2011-08-19 00:00:00,16588.4572
2011-08-20 00:00:00,11861.9652
2011-08-21 00:00:00,27031.6706
2011-08-22 00:00:00,11861.9652
2011-08-24 00:00:00,7710.9774
2011-08-25 00:00:00,9228.3596
2011-08-26 00:00:00,19769.9420
2011-08-27 00:00:00,15815.9536
2011-08-28 00:00:00,16588.4572
2011-08-29 00:00:00,15421.9548
2011-08-30 00:00:00,19769.9420
2011-08-31 00:00:00,28253.4230
2011-09-01 00:00:00,7907.9768
2011-09-02 00:00:00,24650.3144
2011-09-03 00:00:00,23723.9304
2011-09-04 00:00:00,24496.4340
2011-09-05 00:00:00,11861.9652
2011-09-06 00:00:00,11861.9652
2011-09-07 00:00:00,16588.4572
2011-09-08 00:00:00,29995.4296
2011-09-09 00:00:00,4726.4920
2011-09-10 00:00:00,772.5036
2011-09-11 00:00:00,39539.8840
2011-09-12 00:00:00,963748.5932
2011-09-13 00:00:00,11637.3408
2011-09-14 00:00:00,15815.9536
2011-09-15 00:00:00,7907.9768
2011-09-16 00:00:00,27831.7992
2011-09-17 00:00:00,8455.8560
2011-09-18 00:00:00,12634.4688
2011-09-19 00:00:00,36736.9040
2011-09-20 00:00:00,32179.7864
2011-09-21 00:00:00,19769.9420
2011-09-22 00:00:00,30958.0340
2011-09-23 00:00:00,47026.2370
2011-09-24 00:00:00,20148.4468
2011-09-25 00:00:00,11861.9652
2011-09-26 00:00:00,7683.3524
2011-09-27 00:00:00,20093.1968
2011-09-28 00:00:00,11637.3408
2011-09-29 00:00:00,31434.9078
2011-09-30 00:00:00,16588.4572
2011-10-01 00:00:00,23723.9304
2011-10-02 00:00:00,11861.9652
2011-10-03 00:00:00,12437.4694
2011-10-04 00:00:00,16588.4572
2011-10-06 00:00:00,3953.9884
2011-10-07 00:00:00,7907.9768
2011-10-08 00:00:00,33176.9144
2011-10-09 00:00:00,16588.4572
2011-10-10 00:00:00,26392.3210
2011-10-11 00:00:00,24299.4346
2011-10-12 00:00:00,7458.7280
2011-10-13 00:00:00,2640560.0548
2011-10-14 00:00:00,11861.9652
2011-10-15 00:00:00,15394.3298
2011-10-16 00:00:00,20345.4462
2011-10-17 00:00:00,24299.4346
2011-10-18 00:00:00,19348.3182
2011-10-19 00:00:00,29222.9260
2011-10-20 00:00:00,31631.9072
2011-10-21 00:00:00,15815.9536
2011-10-22 00:00:00,24047.1852
2011-10-23 00:00:00,23723.9304
2011-10-24 00:00:00,21314.9492
2011-10-25 00:00:00,30619.2852
2011-10-26 00:00:00,31758.1626
2011-10-27 00:00:00,17136.3364
2011-10-28 00:00:00,27453.2944
2011-10-29 00:00:00,12634.4688
2011-10-30 00:00:00,11664.9658
2011-10-31 00:00:00,20542.4456
2011-11-01 00:00:00,16391.4578
2011-11-02 00:00:00,23329.9316
2011-11-03 00:00:00,4726.4920
2011-11-04 00:00:00,12634.4688
2011-11-05 00:00:00,27228.6700
2011-11-06 00:00:00,11637.3408
2011-11-07 00:00:00,20542.4456
2011-11-08 00:00:00,8680.4804
2011-11-09 00:00:00,23905.4358
2011-11-10 00:00:00,19769.9420
2011-11-11 00:00:00,20542.4456
2011-11-12 00:00:00,1937505.0595
2011-11-13 00:00:00,28225.7980
2011-11-14 00:00:00,39118.2602
2011-11-15 00:00:00,16391.4578
2011-11-16 00:00:00,23274.6816
2011-11-17 00:00:00,19769.9420
2011-11-18 00:00:00,23526.9310
2011-11-19 00:00:00,61276.7184
2011-11-20 00:00:00,19572.9426
2011-11-21 00:00:00,7907.9768
2011-11-22 00:00:00,40312.3876
2011-11-23 00:00:00,15815.9536
2011-11-24 00:00:00,42201.3760
2011-11-25 00:00:00,19545.3176
2011-11-26 00:00:00,43844.7522
2011-11-27 00:00:00,24271.8096
2011-11-28 00:00:00,12409.8444
2011-11-29 00:00:00,23723.9304
2011-11-30 00:00:00,45389.7594
2011-12-01 00:00:00,31730.5376
2011-12-02 00:00:00,29798.4302
2011-12-03 00:00:00,24496.4340
2011-12-04 00:00:00,28450.4224
2011-12-05 00:00:00,16588.4572
2011-12-06 00:00:00,21090.3248
2011-12-07 00:00:00,28225.7980
2011-12-08 00:00:00,15815.9536
2011-12-09 00:00:00,29798.4302
2011-12-10 00:00:00,31182.6584
2011-12-11 00:00:00,27059.2956
2011-12-12 00:00:00,24496.4340
2011-12-13 00:00:00,816226.2910
2011-12-14 00:00:00,15815.9536
2011-12-15 00:00:00,30985.6590
2011-12-16 00:00:00,19572.9426
2011-12-17 00:00:00,8680.4804
2011-12-18 00:00:00,23499.3060
2011-12-19 00:00:00,9452.9840
2011-12-20 00:00:00,28028.7986
2011-12-21 00:00:00,19769.9420
2011-12-22 00:00:00,15591.3292
2011-12-23 00:00:00,34939.6474
2011-12-24 00:00:00,27677.9188
2011-12-25 00:00:00,8680.4804
2011-12-26 00:00:00,34994.8974
2011-12-27 00:00:00,23625.5614
2011-12-28 00:00:00,27256.2950
2011-12-29 00:00:00,28028.7986
2011-12-30 00:00:00,17360.9608
2011-12-31 00:00:00,20542.4456
2012-01-01 00:00:00,23723.9304
2012-01-02 00:00:00,27283.9200
2012-01-03 00:00:00,34967.2724
2012-01-04 00:00:00,11861.9652
2012-01-05 00:00:00,28253.4230
2012-01-06 00:00:00,6271.4992
2012-01-07 00:00:00,19348.3182
2012-01-08 00:00:00,16391.4578
2012-01-09 00:00:00,17136.3364
2012-01-10 00:00:00,12437.4694
2012-01-11 00:00:00,29995.4296
2012-01-12 00:00:00,24047.1852
2012-01-13 00:00:00,2160994.6440
2012-01-14 00:00:00,20542.4456
2012-01-15 00:00:00,27453.2944
2012-01-16 00:00:00,18133.4644
2012-01-17 00:00:00,23077.6822
2012-01-18 00:00:00,26616.9454
2012-01-19 00:00:00,23302.3066
2012-01-20 00:00:00,15591.3292
2012-01-21 00:00:00,11861.9652
2012-01-22 00:00:00,39118.2602
2012-01-23 00:00:00,44266.3760
2012-01-24 00:00:00,11637.3408
2012-01-25 00:00:00,27256.2950
2012-01-26 00:00:00,25268.9376
2012-01-27 00:00:00,23723.9304
2012-01-28 00:00:00,8483.4810
2012-01-29 00:00:00,15815.9536
2012-01-30 00:00:00,7907.9768
2012-01-31 00:00:00,20542.4456
2012-02-01 00:00:00,16588.4572
2012-02-02 00:00:00,3953.9884
2012-02-03 00:00:00,39118.2602
2012-02-04 00:00:00,19769.9420
2012-02-05 00:00:00,32404.4108
2012-02-06 00:00:00,10225.4876
2012-02-07 00:00:00,44041.7516
2012-02-08 00:00:00,11861.9652
2012-02-09 00:00:00,19545.3176
2012-02-10 00:00:00,1659116.5384
2012-02-11 00:00:00,24299.4346
2012-02-12 00:00:00,25816.8168
2012-02-13 00:00:00,28225.7980
2012-02-14 00:00:00,11861.9652
2012-02-15 00:00:00,32207.4114
2012-02-16 00:00:00,31785.7876
2012-02-17 00:00:00,15366.7048
2012-02-18 00:00:00,20542.4456
2012-02-19 00:00:00,7907.9768
2012-02-20 00:00:00,23077.6822
2012-02-21 00:00:00,16391.4578
2012-02-22 00:00:00,35487.5266
2012-02-23 00:00:00,12437.4694
2012-02-24 00:00:00,32727.6656
2012-02-25 00:00:00,19769.9420
2012-02-26 00:00:00,28434.9284
2012-02-27 00:00:00,25268.9376
2012-02-28 00:00:00,12634.4688
2012-02-29 00:00:00,35191.8968
2012-03-01 00:00:00,15815.9536
2012-03-02 00:00:00,23077.6822
2012-03-03 00:00:00,19545.3176
2012-03-04 00:00:00,46801.6126
2012-03-05 00:00:00,19545.3176
2012-03-06 00:00:00,29025.9266
2012-03-07 00:00:00,11861.9652
2012-03-08 00:00:00,31631.9072
2012-03-09 00:00:00,23499.3060
2012-03-10 00:00:00,15815.9536
2012-03-11 00:00:00,15394.3298
2012-03-12 00:00:00,1007716.5635
2012-03-13 00:00:00,11664.9658
2012-03-14 00:00:00,32179.7864
2012-03-15 00:00:00,27228.6700
2012-03-16 00:00:00,19545.3176
2012-03-17 00:00:00,16391.4578
2012-03-18 00:00:00,28773.6772
2012-03-19 00:00:00,11861.9652
2012-03-20 00:00:00,19769.9420
2012-03-21 00:00:00,16363.8328
2012-03-22 00:00:00,23077.6822
2012-03-23 00:00:00,40635.6424
2012-03-24 00:00:00,15394.3298
2012-03-25 00:00:00,8680.4804
2012-03-26 00:00:00,50980.2254
2012-03-27 00:00:00,26862.2962
2012-03-28 00:00:00,35191.8968
2012-03-29 00:00:00,24496.4340
2012-03-30 00:00:00,12409.8444
2012-03-31 00:00:00,36681.6540
2012-04-01 00:00:00,16166.8334
2012-04-02 00:00:00,15618.9542
2012-04-03 00:00:00,36161.3998
2012-04-04 00:00:00,12409.8444
2012-04-05 00:00:00,24650.3144
2012-04-06 00:00:00,15815.9536
2012-04-07 00:00:00,35361.2712
2012-04-08 00:00:00,18133.4644
2012-04-09 00:00:00,43072.2486
2012-04-10 00:00:00,44392.6314
2012-04-11 00:00:00,2596604.5138
2012-04-12 00:00:00,19769.9420
2012-04-13 00:00:00,13406.9724
2012-04-14 00:00:00,43072.2486
2012-04-15 00:00:00,12985.3486
2012-04-16 00:00:00,25395.1930
2012-04-17 00:00:00,16166.8334
2012-04-18 00:00:00,35936.7754
2012-04-19 00:00:00,23499.3060
2012-04-20 00:00:00,8455.8560
2012-04-21 00:00:00,15394.3298
2012-04-22 00:00:00,35361.2712
2012-04-23 00:00:00,44223.2570
2012-04-24 00:00:00,23274.6816
2012-04-25 00:00:00,24496.4340
2012-04-26 00:00:00,33500.1692
2012-04-27 00:00:00,34967.2724
2012-04-28 00:00:00,31434.9078
2012-04-29 00:00:00,16939.3370
2012-04-30 00:00:00,23526.9310
2012-05-01 00:00:00,23499.3060
2012-05-02 00:00:00,23499.3060
2012-05-03 00:00:00,27228.6700
2012-05-04 00:00:00,25225.8186
2012-05-05 00:00:00,31982.7870
2012-05-06 00:00:00,20542.4456
2012-05-07 00:00:00,16363.8328
2012-05-08 00:00:00,16363.8328
2012-05-09 00:00:00,3953.9884
2012-05-10 00:00:00,24271.8096
2012-05-11 00:00:00,8455.8560
2012-05-12 00:00:00,1188498.7267
2012-05-13 00:00:00,44069.3766
2012-05-14 00:00:00,8455.8560
2012-05-15 00:00:00,24074.8102
2012-05-16 00:00:00,20345.4462
2012-05-17 00:00:00,27256.2950
2012-05-18 00:00:00,27831.7992
2012-05-19 00:00:00,31407.2828
2012-05-20 00:00:00,19375.9432
2012-05-21 00:00:00,28028.7986
2012-05-22 00:00:00,19572.9426
2012-05-23 00:00:00,37481.7826
2012-05-24 00:00:00,9031.3602
2012-05-25 00:00:00,15421.9548
2012-05-26 00:00:00,17360.9608
2012-05-27 00:00:00,7907.9768
2012-05-28 00:00:00,20542.4456
2012-05-29 00:00:00,30346.3094
2012-05-30 00:00:00,44589.6308
2012-05-31 00:00:00,24074.8102
2012-06-01 00:00:00,32179.7864
2012-06-02 00:00:00,19572.9426
2012-06-03 00:00:00,48922.1240
2012-06-04 00:00:00,24299.4346
2012-06-05 00:00:00,19572.9426
2012-06-06 00:00:00,27228.6700
2012-06-07 00:00:00,35361.2712
2012-06-08 00:00:00,16363.8328
2012-06-09 00:00:00,31182.6584
2012-06-10 00:00:00,20148.4468
2012-06-11 00:00:00,2716535.2487
2012-06-12 00:00:00,4381.3140
2012-06-13 00:00:00,31382.0014
2012-06-14 00:00:00,18045.7687
2012-06-15 00:00:00,23400.8675
2012-06-16 00:00:00,24819.9568
2012-06-17 00:00:00,19976.0423
2012-06-18 00:00:00,14895.9370
2012-06-19 00:00:00,12217.2295
2012-06-20 00:00:00,10932.9752
2012-06-21 00:00:00,21845.0615
2012-06-22 00:00:00,19306.2071
2012-06-23 00:00:00,25325.1773
2012-06-24 00:00:00,24245.6974
2012-06-25 00:00:00,8675.6342
2012-06-26 00:00:00,12939.5313
2012-06-27 00:00:00,27841.5607
2012-06-28 00:00:00,12088.6090
2012-06-29 00:00:00,16769.5816
2012-06-30 00:00:00,21398.6024
2012-07-01 00:00:00,23135.9230
2012-07-02 00:00:00,17742.2118
2012-07-03 00:00:00,17160.1906
2012-07-04 00:00:00,12432.0236
2012-07-05 00:00:00,18793.5558
2012-07-06 00:00:00,10650.6126
2012-07-07 00:00:00,20913.2378
2012-07-08 00:00:00,10626.2819
2012-07-09 00:00:00,14026.4420
2012-07-10 00:00:00,19055.5443
2012-07-11 00:00:00,21859.7359
2012-07-12 00:00:00,4078145.0151
2012-07-13 00:00:00,15080.9224
2012-07-14 00:00:00,13207.6122
2012-07-15 00:00:00,20917.5288
2012-07-16 00:00:00,17595.8388
2012-07-17 00:00:00,26722.5575
2012-07-18 00:00:00,25668.5919
2012-07-19 00:00:00,17617.8823
2012-07-20 00:00:00,16215.3619
2012-07-21 00:00:00,8190.9902
2012-07-22 00:00:00,9394.4652
2012-07-23 00:00:00,22124.3460
2012-07-24 00:00:00,29162.1402
2012-07-25 00:00:00,20139.3186
2012-07-26 00:00:00,24914.7124
2012-07-27 00:00:00,10553.5698
2012-07-28 00:00:00,20163.6493
2012-07-29 00:00:00,18119.3010
2012-07-30 00:00:00,26076.1042
2012-07-31 00:00:00,24188.1196
2012-08-01 00:00:00,21012.2844
2012-08-02 00:00:00,22410.9996
2012-08-03 00:00:00,12220.7003
2012-08-04 00:00:00,22260.3356
2012-08-05 00:00:00,22671.6531
2012-08-06 00:00:00,23023.2570
2012-08-07 00:00:00,20645.6717
2012-08-08 00:00:00,18318.1406
2012-08-09 00:00:00,14171.0136
2012-08-10 00:00:00,16818.5774
2012-08-11 00:00:00,25757.3547
2012-08-12 00:00:00,3254868.4587
2012-08-13 00:00:00,12767.6730
2012-08-14 00:00:00,18579.6143
2012-08-15 00:00:00,11540.4817
2012-08-16 00:00:00,9642.5064
2012-08-17 00:00:00,9931.7816
2012-08-18 00:00:00,3565.1058
2012-08-19 00:00:00,20725.2964
2012-08-20 00:00:00,17606.9841
2012-08-21 00:00:00,18625.9885
2012-08-22 00:00:00,16985.1959
2012-08-23 00:00:00,10811.2673
2012-08-24 00:00:00,20401.3071
2012-08-25 00:00:00,18088.6721
2012-08-26 00:00:00,9785.4086
2012-08-27 00:00:00,9129.8551
2012-08-28 00:00:00,10747.9898
2012-08-29 00:00:00,20628.2536
2012-08-30 00:00:00,15754.2284
2012-08-31 00:00:00,10905.1737
2012-09-01 00:00:00,12049.6622
2012-09-02 00:00:00,9202.5672
2012-09-03 00:00:00,9506.1241
2012-09-04 00:00:00,17345.5104
2012-09-05 00:00:00,10357.0464
2012-09-06 00:00:00,21396.4148
2012-09-07 00:00:00,5540.0842
2012-09-08 00:00:00,3154.1227
2012-09-09 00:00:00,14309.9592
2012-09-10 00:00:00,15027.6356
2012-09-11 00:00:00,2044276.0199
2012-09-12 00:00:00,14063.2530
2012-09-13 00:00:00,17184.8557
2012-09-14 00:00:00,14142.3919
2012-09-15 00:00:00,5564.7493
2012-09-16 00:00:00,13462.9935
2012-09-17 00:00:00,12694.9609
2012-09-18 00:00:00,15325.8272
2012-09-19 00:00:00,7688.7223
2012-09-20 00:00:00,9496.1334
2012-09-21 00:00:00,17209.5208
2012-09-22 00:00:00,19797.8858
2012-09-23 00:00:00,26598.2280
2012-09-24 00:00:00,13953.7299
2012-09-25 00:00:00,11996.3754
2012-09-26 00:00:00,15124.1602
2012-09-27 00:00:00,12094.3670
2012-09-28 00:00:00,14500.0558
2012-09-29 00:00:00,23630.2453
2012-09-30 00:00:00,15848.1348
2012-10-01 00:00:00,21127.3851
2012-10-02 00:00:00,14166.7226
2012-10-03 00:00:00,13462.9935
2012-10-04 00:00:00,20192.6054
2012-10-05 00:00:00,13727.6036
2012-10-06 00:00:00,17100.8114
2012-10-07 00:00:00,7521.1550
2012-10-08 00:00:00,11902.4690
2012-10-09 00:00:00,11129.4986
2012-10-10 00:00:00,25828.3974
2012-10-11 00:00:00,7946.4198
2012-10-12 00:00:00,3451304.7874
2012-10-13 00:00:00,9663.7007
2012-10-14 00:00:00,11634.3881
2012-10-15 00:00:00,2699.9018
2012-10-16 00:00:00,8522.3486
2012-10-17 00:00:00,17731.8284
2012-10-18 00:00:00,7775.7161
2012-10-19 00:00:00,15468.7294
2012-10-20 00:00:00,8264.6511
2012-10-21 00:00:00,15203.7849
2012-10-22 00:00:00,23300.8687
2012-10-23 00:00:00,11902.4690
2012-10-24 00:00:00,9785.4086
2012-10-25 00:00:00,12509.9755
2012-10-26 00:00:00,5854.0245
2012-10-27 00:00:00,16985.1959
2012-10-28 00:00:00,9681.1188
2012-10-29 00:00:00,12405.6857
2012-10-30 00:00:00,8069.2823
2012-10-31 00:00:00,18236.1997
2012-11-01 00:00:00,11169.7838
2012-11-02 00:00:00,8264.6511
2012-11-03 00:00:00,7775.7161
2012-11-04 00:00:00,19634.0947
2012-11-05 00:00:00,17760.7845
2012-11-06 00:00:00,11418.7738
2012-11-07 00:00:00,15148.9508
2012-11-08 00:00:00,12094.3670
2012-11-09 00:00:00,12070.0363
2012-11-10 00:00:00,17296.1802
2012-11-11 00:00:00,2483642.2179
2012-11-12 00:00:00,16089.3630
2012-11-13 00:00:00,32719.3846
2012-11-14 00:00:00,4234.9410
2012-11-15 00:00:00,22274.6173
2012-11-16 00:00:00,12862.3996
2012-11-17 00:00:00,31704.9802
2012-11-18 00:00:00,20833.8189
2012-11-19 00:00:00,10954.1695
2012-11-20 00:00:00,17767.1758
2012-11-21 00:00:00,27463.4320
2012-11-22 00:00:00,35415.8156
2012-11-23 00:00:00,24500.2585
2012-11-24 00:00:00,28685.9979
2012-11-25 00:00:00,10361.3374
2012-11-26 00:00:00,17045.5174
2012-11-27 00:00:00,20185.6928
2012-11-28 00:00:00,21875.1722
2012-11-29 00:00:00,31392.4999
2012-11-30 00:00:00,27414.1018
2012-12-01 00:00:00,5658.6557
2012-12-02 00:00:00,21916.9210
2012-12-03 00:00:00,23415.1492
2012-12-04 00:00:00,24881.7673
2012-12-05 00:00:00,13291.1352
2012-12-06 00:00:00,17370.9957
2012-12-07 00:00:00,17561.1247
2012-12-08 00:00:00,22501.4352
2012-12-09 00:00:00,25413.6381
2012-12-10 00:00:00,17498.7960
2012-12-11 00:00:00,12499.5921
2012-12-12 00:00:00,1497452.6066
2012-12-13 00:00:00,21772.3494
2012-12-14 00:00:00,14939.1748
2012-12-15 00:00:00,20585.0158
2012-12-16 00:00:00,14914.5097
2012-12-17 00:00:00,4821.2532
2012-12-18 00:00:00,16158.6043
2012-12-19 00:00:00,17385.2774
2012-12-20 00:00:00,20046.5668
2012-12-21 00:00:00,17191.8904
2012-12-22 00:00:00,15444.0643
2012-12-23 00:00:00,14646.4288
2012-12-24 00:00:00,23052.2131
2012-12-25 00:00:00,13634.8518
2012-12-26 00:00:00,17677.6890
2012-12-27 00:00:00,22163.2928
2012-12-28 00:00:00,12207.1805
2012-12-29 00:00:00,14334.2899
2012-12-30 00:00:00,10407.1968
2012-12-31 00:00:00,16770.4018
2013-01-01 00:00:00,13609.3665
2013-01-02 00:00:00,18352.6678
2013-01-03 00:00:00,23600.1346
2013-01-04 00:00:00,15203.7849
2013-01-05 00:00:00,6959.5079
2013-01-06 00:00:00,22432.1939
2013-01-07 00:00:00,5829.3594
2013-01-08 00:00:00,12652.8777
2013-01-09 00:00:00,14889.0244
2013-01-10 00:00:00,10210.6734
2013-01-11 00:00:00,19302.7363
2013-01-12 00:00:00,2705653.5913
2013-01-13 00:00:00,21684.4068
2013-01-14 00:00:00,12489.2087
2013-01-15 00:00:00,34090.4269
2013-01-16 00:00:00,18602.4780
2013-01-17 00:00:00,24974.5191
2013-01-18 00:00:00,17611.2751
2013-01-19 00:00:00,19023.4518
2013-01-20 00:00:00,22642.9990
2013-01-21 00:00:00,16505.7917
2013-01-22 00:00:00,9228.0525
2013-01-23 00:00:00,20549.7835
2013-01-24 00:00:00,22497.4786
2013-01-25 00:00:00,20547.6801
2013-01-26 00:00:00,20544.2093
2013-01-27 00:00:00,9106.3446
2013-01-28 00:00:00,27396.6837
2013-01-29 00:00:00,27005.7403
2013-01-30 00:00:00,21130.5215
2013-01-31 00:00:00,19320.1544
2013-02-01 00:00:00,22417.8539
2013-02-02 00:00:00,23736.5169
2013-02-03 00:00:00,4430.3098
2013-02-04 00:00:00,21727.6446
2013-02-05 00:00:00,31974.8335
2013-02-06 00:00:00,11124.8732
2013-02-07 00:00:00,5926.7366
2013-02-08 00:00:00,14112.5832
2013-02-09 00:00:00,1772222.9913
2013-02-10 00:00:00,21776.9748
2013-02-11 00:00:00,12503.8831
2013-02-12 00:00:00,13155.1456
2013-02-13 00:00:00,36526.5388
2013-02-14 00:00:00,10886.6010
2013-02-15 00:00:00,14348.5716
2013-02-16 00:00:00,27024.6474
2013-02-17 00:00:00,10093.2565
2013-02-18 00:00:00,10528.9047
2013-02-19 00:00:00,14474.5705
2013-02-20 00:00:00,36565.1512
2013-02-21 00:00:00,16481.1266
2013-02-22 00:00:00,18333.2425
2013-02-23 00:00:00,12388.2676
2013-02-24 00:00:00,15422.8700
2013-02-25 00:00:00,20432.8848
2013-02-26 00:00:00,33083.1409
2013-02-27 00:00:00,21988.2981
2013-02-28 00:00:00,17453.3641
2013-03-01 00:00:00,9370.1345
2013-03-02 00:00:00,9600.0305
2013-03-03 00:00:00,14167.5428
2013-03-04 00:00:00,7510.7716
2013-03-05 00:00:00,9566.6579
2013-03-06 00:00:00,12713.5336
2013-03-07 00:00:00,6283.5803
2013-03-08 00:00:00,27273.4868
2013-03-09 00:00:00,19394.1497
2013-03-10 00:00:00,23132.7866
2013-03-11 00:00:00,22989.8844
2013-03-12 00:00:00,2122184.8717
2013-03-13 00:00:00,29103.5812
2013-03-14 00:00:00,9056.1942
2013-03-15 00:00:00,21409.4133
2013-03-16 00:00:00,18081.4505
2013-03-17 00:00:00,9296.4736
2013-03-18 00:00:00,20808.8194
2013-03-19 00:00:00,26211.5756
2013-03-20 00:00:00,21127.3851
2013-03-21 00:00:00,13610.1867
2013-03-22 00:00:00,26594.7572
2013-03-23 00:00:00,13947.9719
2013-03-24 00:00:00,32489.5817
2013-03-25 00:00:00,15131.4072
2013-03-26 00:00:00,18499.9896
2013-03-27 00:00:00,15371.6866
2013-03-28 00:00:00,28469.4348
2013-03-29 00:00:00,24867.4856
2013-03-30 00:00:00,12259.3127
2013-03-31 00:00:00,15218.0666
2013-04-01 00:00:00,6111.7220
2013-04-02 00:00:00,9341.1784
2013-04-03 00:00:00,11226.5414
2013-04-04 00:00:00,30911.1209
2013-04-05 00:00:00,25767.3454
2013-04-06 00:00:00,12635.5817
2013-04-07 00:00:00,21658.4033
2013-04-08 00:00:00,17614.7459
2013-04-09 00:00:00,12718.6772
2013-04-10 00:00:00,18998.7867
2013-04-11 00:00:00,3268899.8352
2013-04-12 00:00:00,24167.2273
2013-04-13 00:00:00,23543.7114
2013-04-14 00:00:00,18862.7971
2013-04-15 00:00:00,22822.7446
2013-04-16 00:00:00,27600.2418
2013-04-17 00:00:00,18695.2298
2013-04-18 00:00:00,28613.4916
2013-04-19 00:00:00,13845.3549
2013-04-20 00:00:00,11345.1129
2013-04-21 00:00:00,21332.6160
2013-04-22 00:00:00,23962.9421
2013-04-23 00:00:00,12949.5220
2013-04-24 00:00:00,18412.8089
2013-04-25 00:00:00,17533.3232
2013-04-26 00:00:00,13434.3718
2013-04-27 00:00:00,14620.9435
2013-04-28 00:00:00,5110.5284
2013-04-29 00:00:00,14935.7040
2013-04-30 00:00:00,18015.3456
2013-05-01 00:00:00,19585.0989
2013-05-02 00:00:00,22637.7592
2013-05-03 00:00:00,23824.3309
2013-05-04 00:00:00,28879.5653
2013-05-05 00:00:00,12450.5963
2013-05-06 00:00:00,21753.1299
2013-05-07 00:00:00,20186.5130
2013-05-08 00:00:00,22352.5692
2013-05-09 00:00:00,16837.1501
2013-05-10 00:00:00,29920.4362
2013-05-11 00:00:00,29234.1252
2013-05-12 00:00:00,2267413.1096
2013-05-13 00:00:00,24418.3176
2013-05-14 00:00:00,10874.5448
2013-05-15 00:00:00,14396.6186
2013-05-16 00:00:00,13218.4231
2013-05-17 00:00:00,22886.7492
2013-05-18 00:00:00,19169.8248
2013-05-19 00:00:00,34520.8029
2013-05-20 00:00:00,15175.9834
2013-05-21 00:00:00,27049.3125
2013-05-22 00:00:00,22481.5241
2013-05-23 00:00:00,23440.6345
2013-05-24 00:00:00,21322.7539
2013-05-25 00:00:00,19048.1169
2013-05-26 00:00:00,27777.3723
2013-05-27 00:00:00,11340.8219
2013-05-28 00:00:00,19268.0222
2013-05-29 00:00:00,16501.5007
2013-05-30 00:00:00,26039.7173
2013-05-31 00:00:00,18036.5399
2013-06-01 00:00:00,27091.5795
2013-06-02 00:00:00,10088.9655
2013-06-03 00:00:00,17439.4168
2013-06-04 00:00:00,21484.2288
2013-06-05 00:00:00,17414.7517
2013-06-06 00:00:00,12904.4828
2013-06-07 00:00:00,31377.0636
2013-06-08 00:00:00,23821.3231
2013-06-09 00:00:00,14597.0986
2013-06-10 00:00:00,21610.2277
2013-06-11 00:00:00,3045574.4293
2013-06-12 00:00:00,27713.7981
2013-06-13 00:00:00,38471.0175
2013-06-14 00:00:00,47985.4323
2013-06-15 00:00:00,32549.1568
2013-06-16 00:00:00,14116.7398
2013-06-17 00:00:00,36142.8376
2013-06-18 00:00:00,30243.1210
2013-06-19 00:00:00,36112.9918
2013-06-20 00:00:00,24074.6574
2013-06-21 00:00:00,47830.7434
2013-06-22 00:00:00,25155.9773
2013-06-23 00:00:00,32857.3300
2013-06-24 00:00:00,29993.8329
2013-06-25 00:00:00,34025.2378
2013-06-26 00:00:00,26687.6508
2013-06-27 00:00:00,32411.9265
2013-06-28 00:00:00,18634.9081
2013-06-29 00:00:00,19603.2307
2013-06-30 00:00:00,47522.8017
2013-07-01 00:00:00,11781.6205
2013-07-02 00:00:00,32322.4991
2013-07-03 00:00:00,30906.4415
2013-07-04 00:00:00,51107.8971
2013-07-05 00:00:00,27058.1022
2013-07-06 00:00:00,41076.4859
2013-07-07 00:00:00,22169.8805
2013-07-08 00:00:00,23945.8034
2013-07-09 00:00:00,51122.9470
2013-07-10 00:00:00,23476.4436
2013-07-11 00:00:00,36266.7635
2013-07-12 00:00:00,4800610.7858
2013-07-13 00:00:00,19386.8394
2013-07-14 00:00:00,38628.9449
2013-07-15 00:00:00,25732.0699
2013-07-16 00:00:00,11748.3169
2013-07-17 00:00:00,34963.3502
2013-07-18 00:00:00,44003.2011
2013-07-19 00:00:00,45360.3735
2013-07-20 00:00:00,40335.2529
2013-07-21 00:00:00,10228.8533
2013-07-22 00:00:00,25903.3889
2013-07-23 00:00:00,43071.6639
2013-07-24 00:00:00,29995.9777
2013-07-25 00:00:00,24702.2101
2013-07-26 00:00:00,9873.7615
2013-07-27 00:00:00,27314.3637
2013-07-28 00:00:00,33954.0544
2013-07-29 00:00:00,48422.3499
2013-07-30 00:00:00,35948.8335
2013-07-31 00:00:00,25247.5930
2013-08-01 00:00:00,24540.2059
2013-08-02 00:00:00,18323.8514
2013-08-03 00:00:00,26264.3483
2013-08-04 00:00:00,42425.8357
2013-08-05 00:00:00,37655.2636
2013-08-06 00:00:00,36957.6322
2013-08-07 00:00:00,18301.8841
2013-08-08 00:00:00,32748.7205
2013-08-09 00:00:00,37427.5226
2013-08-10 00:00:00,34129.5727
2013-08-11 00:00:00,27994.2482
2013-08-12 00:00:00,4610250.3606
2013-08-13 00:00:00,43947.0669
2013-08-14 00:00:00,44006.2174
2013-08-15 00:00:00,30803.1251
2013-08-16 00:00:00,41349.8854
2013-08-17 00:00:00,38390.4968
2013-08-18 00:00:00,34218.4258
2013-08-19 00:00:00,39810.6211
2013-08-20 00:00:00,43769.8908
2013-08-21 00:00:00,35197.2675
2013-08-22 00:00:00,24327.1725
2013-08-23 00:00:00,43018.2039
2013-08-24 00:00:00,61861.5924
2013-08-25 00:00:00,40129.9551
2013-08-26 00:00:00,34996.0030
2013-08-27 00:00:00,24552.8580
2013-08-28 00:00:00,28095.2669
2013-08-29 00:00:00,35461.0540
2013-08-30 00:00:00,63879.8194
2013-08-31 00:00:00,51571.9978
2013-09-01 00:00:00,26059.3156
2013-09-02 00:00:00,45828.6386
2013-09-03 00:00:00,40576.9491
2013-09-04 00:00:00,28313.2063
2013-09-05 00:00:00,34582.6998
2013-09-06 00:00:00,31655.0691
2013-09-07 00:00:00,42179.1333
2013-09-08 00:00:00,24676.9386
2013-09-09 00:00:00,25251.4498
2013-09-10 00:00:00,33327.1880
2013-09-11 00:00:00,2600274.2370
2013-09-12 00:00:00,41861.2582
2013-09-13 00:00:00,34368.9599
2013-09-14 00:00:00,37849.2234
2013-09-15 00:00:00,45079.6253
2013-09-16 00:00:00,49693.0340
2013-09-17 00:00:00,28098.9801
2013-09-18 00:00:00,50257.6228
2013-09-19 00:00:00,43151.8206
2013-09-20 00:00:00,30601.7611
2013-09-21 00:00:00,43822.6325
2013-09-22 00:00:00,41124.0795
2013-09-23 00:00:00,37923.3140
2013-09-24 00:00:00,41111.4268
2013-09-25 00:00:00,41303.0672
2013-09-26 00:00:00,29635.9240
2013-09-27 00:00:00,40634.2878
2013-09-28 00:00:00,50443.3511
2013-09-29 00:00:00,43484.0936
2013-09-30 00:00:00,24643.3467
2013-10-01 00:00:00,37913.5790
2013-10-02 00:00:00,47875.2093
2013-10-03 00:00:00,42074.7550
2013-10-04 00:00:00,19885.6475
2013-10-05 00:00:00,30480.1443
2013-10-06 00:00:00,49376.8491
2013-10-07 00:00:00,34622.7558
2013-10-08 00:00:00,39714.5853
2013-10-09 00:00:00,30733.8194
2013-10-10 00:00:00,39856.8762
2013-10-11 00:00:00,39825.8587
2013-10-12 00:00:00,3957918.7074
2013-10-13 00:00:00,42015.8804
2013-10-14 00:00:00,54234.9486
2013-10-15 00:00:00,31466.5784
2013-10-16 00:00:00,35887.0421
2013-10-17 00:00:00,42832.6413
2013-10-18 00:00:00,43430.5015
2013-10-19 00:00:00,31371.1940
2013-10-20 00:00:00,51441.5195
2013-10-21 00:00:00,58392.1352
2013-10-22 00:00:00,20378.6207
2013-10-23 00:00:00,40739.8816
2013-10-24 00:00:00,39940.4586
2013-10-25 00:00:00,39873.6391
2013-10-26 00:00:00,46232.0850
2013-10-27 00:00:00,42203.4434
2013-10-28 00:00:00,45853.6560
2013-10-29 00:00:00,43426.7112
2013-10-30 00:00:00,48079.5680
2013-10-31 00:00:00,29797.6518
2013-11-01 00:00:00,42018.1790
2013-11-02 00:00:00,64535.2725
2013-11-03 00:00:00,41990.8412
2013-11-04 00:00:00,67410.2504
2013-11-05 00:00:00,38839.4804
2013-11-06 00:00:00,47293.2718
2013-11-07 00:00:00,55617.7679
2013-11-08 00:00:00,59112.7613
2013-11-09 00:00:00,50422.3783
2013-11-10 00:00:00,37557.2386
2013-11-11 00:00:00,4024573.8245
2013-11-12 00:00:00,57406.5195
2013-11-13 00:00:00,69543.6847
2013-11-14 00:00:00,56712.5576
2013-11-15 00:00:00,61677.4330
2013-11-16 00:00:00,79975.9901
2013-11-17 00:00:00,85482.0729
2013-11-18 00:00:00,52419.0028
2013-11-19 00:00:00,51612.6175
2013-11-20 00:00:00,31450.5776
2013-11-21 00:00:00,63857.9737
2013-11-22 00:00:00,77032.3033
2013-11-23 00:00:00,65362.6308
2013-11-24 00:00:00,66662.2207
2013-11-25 00:00:00,63714.5006
2013-11-26 00:00:00,40656.3436
2013-11-27 00:00:00,54967.5747
2013-11-28 00:00:00,74122.0313
2013-11-29 00:00:00,70444.3594
2013-11-30 00:00:00,75094.3433
2013-12-01 00:00:00,70582.0423
2013-12-02 00:00:00,38328.3514
2013-12-03 00:00:00,60675.3307
2013-12-04 00:00:00,47804.7325
2013-12-05 00:00:00,57013.0949
2013-12-06 00:00:00,67062.0652
2013-12-07 00:00:00,53469.6036
2013-12-08 00:00:00,60616.8980
2013-12-09 00:00:00,59620.7519
2013-12-10 00:00:00,65916.7325
2013-12-11 00:00:00,64668.0825
2013-12-12 00:00:00,1908122.0967
2013-12-13 00:00:00,46458.0691
2013-12-14 00:00:00,51403.5848
2013-12-15 00:00:00,43949.9728
2013-12-16 00:00:00,42793.7451
2013-12-17 00:00:00,39293.3706
2013-12-18 00:00:00,58793.6593
2013-12-19 00:00:00,54966.6911
2013-12-20 00:00:00,39055.0660
2013-12-21 00:00:00,53508.8974
2013-12-22 00:00:00,53925.0844
2013-12-23 00:00:00,51510.2393
2013-12-24 00:00:00,46160.6137
2013-12-25 00:00:00,50013.2187
2013-12-26 00:00:00,56253.9607
2013-12-27 00:00:00,48403.6868
2013-12-28 00:00:00,33752.6348
2013-12-29 00:00:00,32405.3863
2013-12-30 00:00:00,38633.3869
2013-12-31 00:00:00,65836.1451
2014-01-01 00:00:00,41700.5795
2014-01-02 00:00:00,47576.4391
2014-01-03 00:00:00,41739.4646
2014-01-04 00:00:00,76212.8021
2014-01-05 00:00:00,36977.6440
2014-01-06 00:00:00,49372.6392
2014-01-07 00:00:00,58798.3553
2014-01-08 00:00:00,58839.2518
2014-01-09 00:00:00,45180.4127
2014-01-10 00:00:00,48061.0485
2014-01-11 00:00:00,40229.0732
2014-01-12 00:00:00,3108771.9729
2014-01-13 00:00:00,54598.5488
2014-01-14 00:00:00,62955.6420
2014-01-15 00:00:00,54042.1259
2014-01-16 00:00:00,60608.0364
2014-01-17 00:00:00,52463.2138
2014-01-18 00:00:00,77507.6299
2014-01-19 00:00:00,73398.2012
2014-01-20 00:00:00,46630.1504
2014-01-21 00:00:00,53495.9800
2014-01-22 00:00:00,42022.8305
2014-01-23 00:00:00,36990.5283
2014-01-24 00:00:00,45632.9213
2014-01-25 00:00:00,57776.3077
2014-01-26 00:00:00,72438.5090
2014-01-27 00:00:00,41594.4332
2014-01-28 00:00:00,67012.6271
2014-01-29 00:00:00,63692.7763
2014-01-30 00:00:00,46222.3947
2014-01-31 00:00:00,90106.6639
2014-02-01 00:00:00,49017.0390
2014-02-02 00:00:00,47723.5811
2014-02-03 00:00:00,50501.5516
2014-02-04 00:00:00,65766.5624
2014-02-05 00:00:00,31616.6261
2014-02-06 00:00:00,39212.7714
2014-02-07 00:00:00,50400.4332
2014-02-08 00:00:00,65820.7409
2014-02-09 00:00:00,52894.7379
2014-02-10 00:00:00,3161031.8071
2014-02-11 00:00:00,44795.4640
2014-02-12 00:00:00,40057.0358
2014-02-13 00:00:00,39802.3445
2014-02-14 00:00:00,63469.9418
2014-02-15 00:00:00,33019.6226
2014-02-16 00:00:00,55272.8530
2014-02-17 00:00:00,55493.8860
2014-02-18 00:00:00,64797.9863
2014-02-19 00:00:00,52246.0703
2014-02-20 00:00:00,50721.1923
2014-02-21 00:00:00,84942.8318
2014-02-22 00:00:00,65161.7634
2014-02-23 00:00:00,44808.2045
2014-02-24 00:00:00,40985.8215
2014-02-25 00:00:00,30922.3218
2014-02-26 00:00:00,51165.5455
2014-02-27 00:00:00,63426.9792
2014-02-28 00:00:00,63485.9756
2014-03-01 00:00:00,58750.0225
2014-03-02 00:00:00,49633.5078
2014-03-03 00:00:00,40317.5399
2014-03-04 00:00:00,56731.9279
2014-03-05 00:00:00,53446.5313
2014-03-06 00:00:00,37659.1859
2014-03-07 00:00:00,48292.7445
2014-03-08 00:00:00,68328.2849
2014-03-09 00:00:00,50343.5143
2014-03-10 00:00:00,36053.3228
2014-03-11 00:00:00,58540.5036
2014-03-12 00:00:00,56795.9186
2014-03-13 00:00:00,2553129.6253
2014-03-14 00:00:00,58972.3487
2014-03-15 00:00:00,72242.1619
2014-03-16 00:00:00,65238.1296
2014-03-17 00:00:00,31995.1439
2014-03-18 00:00:00,69401.1950
2014-03-19 00:00:00,49926.7968
2014-03-20 00:00:00,53035.8910
2014-03-21 00:00:00,58192.1967
2014-03-22 00:00:00,55051.8196
2014-03-23 00:00:00,46252.2411
2014-03-24 00:00:00,53550.1803
2014-03-25 00:00:00,27044.4233
2014-03-26 00:00:00,57601.1541
2014-03-27 00:00:00,53670.1613
2014-03-28 00:00:00,53245.6088
2014-03-29 00:00:00,50051.6285
2014-03-30 00:00:00,74389.2868
2014-03-31 00:00:00,76549.1422
2014-04-01 00:00:00,56082.5307
2014-04-02 00:00:00,49945.4928
2014-04-03 00:00:00,61299.8214
2014-04-04 00:00:00,72979.2628
2014-04-05 00:00:00,63424.0734
2014-04-06 00:00:00,56318.7911
2014-04-07 00:00:00,62066.9893
2014-04-08 00:00:00,90870.8702
2014-04-09 00:00:00,70532.7490
2014-04-10 00:00:00,60369.7207
2014-04-11 00:00:00,61475.4837
2014-04-12 00:00:00,3835728.3416
2014-04-13 00:00:00,38172.1712
2014-04-14 00:00:00,66930.7910
2014-04-15 00:00:00,63165.5147
2014-04-16 00:00:00,78094.8822
2014-04-17 00:00:00,61611.4203
2014-04-18 00:00:00,77581.7535
2014-04-19 00:00:00,64574.1133
2014-04-20 00:00:00,76332.5401
2014-04-21 00:00:00,55753.8153
2014-04-22 00:00:00,66586.1744
2014-04-23 00:00:00,66722.0012
2014-04-24 00:00:00,50209.2680
2014-04-25 00:00:00,66313.6375
2014-04-26 00:00:00,70443.8293
2014-04-27 00:00:00,76845.0166
2014-04-28 00:00:00,59927.7761
2014-04-29 00:00:00,52698.0149
2014-04-30 00:00:00,69553.4533
2014-05-01 00:00:00,87368.2303
2014-05-02 00:00:00,75043.5461
2014-05-03 00:00:00,66209.6013
2014-05-04 00:00:00,67968.4187
2014-05-05 00:00:00,72575.8601
2014-05-06 00:00:00,71654.8093
2014-05-07 00:00:00,52075.2154
2014-05-08 00:00:00,60350.5376
2014-05-09 00:00:00,66232.6517
2014-05-10 00:00:00,71058.2311
2014-05-11 00:00:00,50576.7690
2014-05-12 00:00:00,81827.4948
2014-05-13 00:00:00,3900879.3259
2014-05-14 00:00:00,39223.1146
2014-05-15 00:00:00,64674.1046
2014-05-16 00:00:00,54660.6054
2014-05-17 00:00:00,73247.8664
2014-05-18 00:00:00,91547.3404
2014-05-19 00:00:00,98452.6510
2014-05-20 00:00:00,68716.6366
2014-05-21 00:00:00,70150.0537
2014-05-22 00:00:00,64426.7610
2014-05-23 00:00:00,88227.8210
2014-05-24 00:00:00,60834.3731
2014-05-25 00:00:00,63782.6567
2014-05-26 00:00:00,106755.8316
2014-05-27 00:00:00,72448.6416
2014-05-28 00:00:00,64602.7655
2014-05-29 00:00:00,78455.4440
2014-05-30 00:00:00,64186.6779
2014-05-31 00:00:00,79574.5216
2014-06-01 00:00:00,74339.3960
2014-06-02 00:00:00,91847.0054
2014-06-03 00:00:00,73780.1774
2014-06-04 00:00:00,53914.9185
2014-06-05 00:00:00,72844.0219
2014-06-06 00:00:00,84990.6457
2014-06-07 00:00:00,76834.6736
2014-06-08 00:00:00,64179.2636
2014-06-09 00:00:00,87191.7845
2014-06-10 00:00:00,67360.5588
2014-06-11 00:00:00,53454.7405
2014-06-12 00:00:00,2027.4438
2014-06-13 00:00:00,1673.2913
2014-06-14 00:00:00,1985.4981
2014-06-15 00:00:00,1437.9702
2014-06-16 00:00:00,1360.9299
2014-06-17 00:00:00,1894.6891
2014-06-18 00:00:00,1456.9545
2014-06-19 00:00:00,2791.0880
2014-06-20 00:00:00,1155.3888
2014-06-21 00:00:00,1624.9144
2014-06-22 00:00:00,1572.5704
2014-06-23 00:00:00,2008.8136
2014-06-24 00:00:00,1049.3527
2014-06-25 00:00:00,2110.5399
2014-06-26 00:00:00,1524.3486
2014-06-27 00:00:00,1793.6039
2014-06-28 00:00:00,2130.3746
2014-06-29 00:00:00,1507.6625
2014-06-30 00:00:00,2275.8919
2014-07-01 00:00:00,2013.0566
2014-07-02 00:00:00,1274.4858
2014-07-03 00:00:00,2015.4322
2014-07-04 00:00:00,1663.9429
2014-07-05 00:00:00,2141.4357
2014-07-06 00:00:00,1493.1430
2014-07-07 00:00:00,2008.8800
2014-07-08 00:00:00,1660.6501
2014-07-09 00:00:00,1931.1761
2014-07-10 00:00:00,2041.4440
2014-07-11 00:00:00,1632.7596
2014-07-12 00:00:00,2921.1901
